{
    "locations": {
        "kabupaten Ponorogo ": [-7.9712267,111.4988929],
        "kabupaten Trenggalek ": [-8.1359348,111.6401983],
        "kabupaten Blitar ": [-8.1311983,112.3115572],
        "kabupaten Kediri ": [-7.8026253,112.1686315],
        "kabupaten Lumajang ": [-8.1352050,113.2244162],
        "kabupaten Banyuwangi ": [-8.3325711,114.1415790],
        "kabupaten Probolinggo ": [-7.8631600,113.3051053],
        "kabupaten pacitan ": [-8.1017184,111.1446711],
        "kota surabaya ": [-7.2462836,112.7377674],
        "kabupaten Tulungagung ": [-8.0729035,111.8996408],
        "kabupaten Bojonegoro ": [-7.2278715,111.8146200],
        "kabupaten Gresik ": [-5.7933465,112.6598223],
        "kabupaten Bangkalan ": [-7.0463602,112.8961792],
        "kabupaten Sampang ": [-7.0578157,113.2540541],
        "kabupaten Pamekasan ": [-7.1605439,113.4826273],
        "kabupaten Sumenep ": [-6.9991798,113.8376708],
        "kota Kediri ": [-7.8111057,112.0046051],
        "kota Blitar ": [-8.0982442,112.1650769],
        "kota Malang ": [-7.9771308,112.6340265],
        "kota Probolinggo ": [-7.7441461,113.2158401],
        "kota Pasuruan ": [-7.6399593,112.9070632],
        "kota Madiun ": [-7.6290837,111.5168819],
        "kabupaten Jember ": [-8.1688563,113.7021772],
        "kabupaten Bondowoso ": [-7.9451279,113.8820590],
        "kabupaten Situbondo ": [-7.7067843,114.0054142],
        "kabupaten Sidoarjo ": [-7.4539769,112.6593869],
        "kabupaten Mojokerto ": [-7.5413378,112.5094975],
        "kabupaten Jombang ": [-7.5614640,112.2413044],
        "kabupaten Nganjuk ": [-7.6150161,111.9465075],
        "kabupaten Madiun ": [-7.6118876,111.6731926],
        "kabupaten Magetan ": [-7.6542489,111.3360565],
        "kabupaten Tuban ": [-6.9596385,111.8932247],
        "kabupaten Lamongan ": [-7.1229319,112.3281935],
        "kota Batu ": [-7.8711667,112.5269482],
        "kabupaten Malang ": [-8.1047982,112.6879872],
        "kabupaten Pasuruan ": [-7.7508114,112.8184830],
        "kota Mojokerto ": [-7.4631537,112.4319852],
        "kabupaten Ngawi ": [-7.4027220,111.4443448]
    }
}



